Job ID,Job URL,Job Title,Company Name,Status,Timestamp,WP ID
6bb14edca494cb6a,https://hu.linkedin.com/jobs/view/talent-pool-internships-at-wizz-air-4129677415,Talent Pool - Internships,,scraped,2026-07-07T00:38:06.916510,
9e98e41851ca4e01,https://hu.linkedin.com/jobs/view/budapest-cabin-crew-opportunities-dubai-based-relocation-provided-at-emirates-4433939685,"Budapest Cabin Crew Opportunities (Dubai Based, Relocation Provided)",,scraped,2026-07-07T00:38:13.384874,
ed23ea00cd0117f9,https://hu.linkedin.com/jobs/view/talent-pool-marketing-communications-at-wizz-air-4067425546,Talent Pool - Marketing & Communications,,scraped,2026-07-07T00:38:20.058485,
72fbf659e625dcb0,https://hu.linkedin.com/jobs/view/freelance-graphic-designer-at-mindrift-4436705788,Freelance Graphic Designer,Mindrift,posted,2026-07-07T00:38:34.724643,20
06205b12087c3276,https://hu.linkedin.com/jobs/view/freelance-brand-designer-at-mindrift-4435822125,Freelance Brand Designer,Mindrift,posted,2026-07-07T00:38:42.501235,22
9070d59099ac3f29,https://hu.linkedin.com/jobs/view/brand-content-marketing-intern-at-warner-bros-discovery-4426357951,Brand & Content Marketing Intern,Warner Bros. Discovery,posted,2026-07-07T00:38:52.701732,24
3147b437ccb88b0e,https://hu.linkedin.com/jobs/view/freelance-presentation-designer-at-mindrift-4436705688,Freelance Presentation Designer,Mindrift,posted,2026-07-07T00:39:00.389338,26
bc82a8d13cc7ee99,https://hu.linkedin.com/jobs/view/ter%C3%BCleti-k%C3%A9pvisel%C5%91-farmer-small-food-budapest-belv%C3%A1ros-at-szentkir%C3%A1lyi-magyarorsz%C3%A1g-4431969767,TERÜLETI KÉPVISELŐ - FARMER (SMALL FOOD - BUDAPEST-BELVÁROS),SZENTKIRÁLYI MAGYARORSZÁG,posted,2026-07-07T00:39:09.307165,28
92d5df44e923a4fa,https://hu.linkedin.com/jobs/view/talent-pool-people-at-wizz-air-4067429171,Talent Pool - People,,scraped,2026-07-07T00:39:11.968059,
f28fe1db2de5943e,https://hu.linkedin.com/jobs/view/aircraft-maintenance-engineer-easa-b1-at-gramian-consulting-4431584253,Aircraft Maintenance Engineer (EASA B1),,scraped,2026-07-07T00:39:18.457866,
19e302cc62a8d04d,https://hu.linkedin.com/jobs/view/digital-content-editor-at-the-energy-year-4433759254,Digital Content Editor,The Energy Year,posted,2026-07-07T00:41:42.789436,30
b354539006bcf1cf,https://hu.linkedin.com/jobs/view/brand-executive-at-masan-consumer-holdings-4436911073,Brand Executive,,scraped,2026-07-07T00:41:45.665291,
6541fc9cc75d0296,https://hu.linkedin.com/jobs/view/sales-munkat%C3%A1rs-at-rollout-it-4435210771,Sales munkatárs,,scraped,2026-07-07T00:42:56.891914,
a55cbb08628d5212,https://hu.linkedin.com/jobs/view/junior-frontend-developer-js-html-css-at-aldi-international-it-services-4434963632,"Junior Frontend Developer - JS, HTML, CSS",ALDI International IT Services,posted,2026-07-07T00:43:12.502996,32
a5df8bb5b8868582,https://hu.linkedin.com/jobs/view/technical-author-multiple-roles-and-seniority-levels-at-jobgether-4435760817,Technical Author (multiple roles and seniority levels),,scraped,2026-07-07T00:43:15.139675,
ef5e83caeeaa3599,https://hu.linkedin.com/jobs/view/freelance-it-support-technician-l1-l2-m-w-d-at-everience-benelux-4433703414,Freelance IT Support Technician L1 & L2 (m/w/d),Everience Benelux,posted,2026-07-07T00:45:07.026412,34
014ed8b88abc630d,https://hu.linkedin.com/jobs/view/advertisement-for-recruitment-of-science-communication-officer-on-contract-iit-hyderabad-at-department-of-chemistry-iit-hyderabad-4437164122,"Advertisement for Recruitment of Science Communication Officer on Contract, IIT Hyderabad",,scraped,2026-07-07T00:45:09.671118,
779fe2be720ee46a,https://hu.linkedin.com/jobs/view/heads-of-research-innovation-postgraduate-studies-odel-and-research-centres-internal-at-department-of-sociology-and-population-unima-4434360317,"HEADS OF RESEARCH & INNOVATION, POSTGRADUATE STUDIES, ODEL AND RESEARCH CENTRES (INTERNAL)",,scraped,2026-07-07T00:45:16.760384,
9686f7ab8170b63d,https://hu.linkedin.com/jobs/view/marketing-communication-assistant-at-forever-living-products-hungary-hq-4433175058,Marketing Communication Assistant,,scraped,2026-07-07T00:45:33.931094,
db7d2e4110aee207,https://hu.linkedin.com/jobs/view/customer-service-specialist-at-sofmedica-life-saving-innovation-4437155549,Customer Service Specialist,,scraped,2026-07-07T00:45:40.550450,
023535effa5fe058,https://hu.linkedin.com/jobs/view/global-head-of-strategic-supply-at-givaudan-4436776077,Global Head of Strategic Supply,,scraped,2026-07-07T00:46:55.357593,
776c75e325832cc5,https://hu.linkedin.com/jobs/view/junior-account-account-executive-at-uniomedia-4431932622,JUNIOR ACCOUNT/ACCOUNT EXECUTIVE,,scraped,2026-07-07T00:47:02.255862,
a95d77c45347a9ba,https://hu.linkedin.com/jobs/view/influencer-marketing-manager-at-procter-gamble-4405115815,Influencer Marketing Manager,Procter &amp; Gamble,posted,2026-07-07T00:47:17.271594,36
89fa0c253b776f69,https://hu.linkedin.com/jobs/view/visual-merchandiser-at-mango-4433971030,VISUAL MERCHANDISER,,scraped,2026-07-07T00:47:19.938574,
5bc089e6169c39fd,https://hu.linkedin.com/jobs/view/legal-assistant-in-house-legal-team-at-tresorit-swiss-post-digital-4424891312,Legal Assistant (In-House Legal Team),,scraped,2026-07-07T00:47:26.707933,
a1c00c2f17deaf58,https://hu.linkedin.com/jobs/view/assistant-store-manager-at-mango-4433194408,ASSISTANT STORE MANAGER,,scraped,2026-07-07T00:48:36.842432,
c2f8596a0995cce2,https://hu.linkedin.com/jobs/view/%C3%BCgyf%C3%A9lkapcsolati-munkat%C3%A1rs-telefonos-at-union-prime-igazgat%C3%B3s%C3%A1g%E2%8E%9F%23unionprime-%E2%9D%A4%EF%B8%8F-4435813628,Ügyfélkapcsolati munkatárs (telefonos),,scraped,2026-07-07T00:48:43.373211,
772fd40357f31c8c,https://hu.linkedin.com/jobs/view/ux-ui-designer-trainee-ref5644k-at-deutsche-telekom-it-solutions-hu-4437160230,UX/UI Designer - TRAINEE (REF5644K),,scraped,2026-07-07T00:51:48.037239,
e5fbb247fa95d597,https://hu.linkedin.com/jobs/view/sustainability-consultant-at-deloitte-4435838379,Sustainability Consultant,Deloitte,posted,2026-07-07T00:52:03.085531,38
1d71336e88e87007,https://hu.linkedin.com/jobs/view/entry-level-quality-engineer-at-focus-consulting-ltd-4421124176,Entry-Level Quality Engineer,,scraped,2026-07-07T00:52:05.682400,
8f70169c01b8b759,https://hu.linkedin.com/jobs/view/darabol%C3%B3-15-ker%C3%BClet-at-siemens-energy-4407399996,Daraboló - 15. kerület,Siemens Energy,posted,2026-07-07T00:53:24.813548,40
a64c69ddd1365820,https://hu.linkedin.com/jobs/view/supply-chain-scheduler-at-valeo-4436799649,Supply Chain Scheduler,,scraped,2026-07-07T00:53:27.405322,
3ff0829701f9015b,https://hu.linkedin.com/jobs/view/clinical-budget-builder-at-fortrea-4308465997,Clinical Budget Builder,Fortrea,posted,2026-07-07T00:53:40.833466,42
396b91240d026906,https://hu.linkedin.com/jobs/view/farm%E2%80%91in-local-electrical-room-commodity-buyer-at-baker-hughes-4432435827,Farm‑In Local Electrical Room Commodity Buyer,Baker Hughes,posted,2026-07-07T00:53:51.074589,44
d25fe0876747c949,https://hu.linkedin.com/jobs/view/packaging-specialist-at-coloplast-4426939585,Packaging Specialist,,scraped,2026-07-07T00:53:53.809111,
cc644905641f3496,https://hu.linkedin.com/jobs/view/immigration-specialist-at-deloitte-4433968679,Immigration Specialist,Deloitte,posted,2026-07-07T00:54:07.335703,46
61e9d2a83497f524,https://hu.linkedin.com/jobs/view/benefits-expert-for-emea-at-rockwell-automation-4428107747,Benefits Expert for EMEA,Rockwell Automation,posted,2026-07-07T00:54:16.616406,48
dfa1b2bdefea7ea1,https://hu.linkedin.com/jobs/view/pricing-operations-specialist-at-agco-corporation-4429668811,Pricing Operations Specialist,AGCO Corporation,posted,2026-07-07T00:54:25.559508,50
a40d137de5da90a2,https://hu.linkedin.com/jobs/view/ipari-higi%C3%A9nikus-at-howmet-aerospace-4433110899,Ipari higiénikus,Howmet Aerospace,posted,2026-07-07T00:54:35.573125,52
6caf41906e6acd80,https://hu.linkedin.com/jobs/view/sp-operator-at-airbus-helicopters-4413352420,SP operator,Airbus Helicopters,posted,2026-07-07T00:54:46.271393,54
29f54a650d719a68,https://hu.linkedin.com/jobs/view/warehouse-operator-at-gkn-automotive-4367440948,Warehouse operator,,scraped,2026-07-07T00:54:48.955335,
5b005604a21f8fbe,https://hu.linkedin.com/jobs/view/logistics-manager-at-allison-off-highway-drive-motion-systems-4435864689,Logistics Manager,Allison Off-Highway Drive &amp; Motion Systems,posted,2026-07-07T00:55:03.105400,56
04e1eae453be9f10,https://hu.linkedin.com/jobs/view/customer-support-representative-at-vision-recruitment-4433191415,Customer Support Representative,,scraped,2026-07-07T00:55:05.819083,
1a374e396239f025,https://hu.linkedin.com/jobs/view/certified-medical-assistant-cma-axis-spine-center-at-novamed-4434984840,CERTIFIED MEDICAL ASSISTANT (CMA) - AXIS SPINE CENTER,Novamed,posted,2026-07-07T00:55:22.686088,58
ac5870903cef5a0c,https://hu.linkedin.com/jobs/view/assembly-operator-at-gkn-automotive-4312598681,Assembly operator,,scraped,2026-07-07T00:55:25.222355,
17ddac204f0f106c,https://hu.linkedin.com/jobs/view/l1-sheet-metal-worker-at-aviation-jobsearch-europa-4436405994,L1 Sheet Metal Worker,Aviation JobSearch Europa,posted,2026-07-07T00:55:38.200644,60
f0589d20b8b07ad8,https://hu.linkedin.com/jobs/view/quality-assurance-engineer-at-munkaland-magyarorsz%C3%A1g-kft-4432754473,Quality Assurance Engineer,MunKaland Magyarország Kft.,posted,2026-07-07T00:55:48.633605,62
8f6635d77f0f6648,https://hu.linkedin.com/jobs/view/business-operations-manager-at-dbeaver-4436473183,Business Operations Manager,DBeaver,posted,2026-07-07T00:55:56.945734,64
48633b1c458642f6,https://hu.linkedin.com/jobs/view/logistics-operations-specialist-at-arrow-components-4436352335,Logistics & Operations Specialist,Arrow Components,posted,2026-07-07T00:56:05.817451,66
113282eab9e0d56c,https://hu.linkedin.com/jobs/view/product-owner-at-hcltech-%E2%80%93-hungary-4425237501,Product Owner,,scraped,2026-07-07T00:56:08.420829,
d8ebf3aa5e1a5c14,https://hu.linkedin.com/jobs/view/konyhai-kiseg%C3%ADt%C5%91-hatvan-at-horv%C3%A1th-rudolf-intertransport-kft-4437144999,Konyhai kisegítő [HATVAN],,scraped,2026-07-07T00:56:15.001861,
efdedcfc9baa254f,https://hu.linkedin.com/jobs/view/pastry-commis-at-w-hotels-4436260388,Pastry Commis,W Hotels,posted,2026-07-07T00:56:28.335313,68
4ba0457ca027afea,https://hu.linkedin.com/jobs/view/rpo-recruitment-partner-at-whc-ltd-4426230798,RPO Recruitment Partner,,scraped,2026-07-07T00:56:30.957600,
1070724f0ce17255,https://hu.linkedin.com/jobs/view/orvosl%C3%A1togat%C3%B3-budapest-at-zentiva-4429904384,Orvoslátogató (Budapest),,scraped,2026-07-07T00:56:39.407513,
8ab4f306e4b0284e,https://hu.linkedin.com/jobs/view/tapasztalt-auditor-t%C3%A1voli-munkav%C3%A9gz%C3%A9s-at-pwc-hungary-4425228784,Tapasztalt auditor (távoli munkavégzés),PwC Hungary,posted,2026-07-07T00:59:03.428954,70
f158ebf892a56c00,https://hu.linkedin.com/jobs/view/strat%C3%A9giai-beszerz%C5%91-at-denso-europe-4417179606,Stratégiai beszerző,DENSO Europe,posted,2026-07-07T00:59:14.706407,72
20c7247a12f5a8c6,https://hu.linkedin.com/jobs/view/asset-manager-at-indotek-group-4433961514,Asset manager,,scraped,2026-07-07T00:59:17.335165,
6b1d875ebe37fe0a,https://hu.linkedin.com/jobs/view/security-specialist-at-capgemini-4435558097,Security Specialist,,scraped,2026-07-07T00:59:28.867105,
98834e96934e6099,https://hu.linkedin.com/jobs/view/contract-specialist-at-prohuman-4433952362,Contract Specialist,,scraped,2026-07-07T00:59:35.238213,
9c06c6ad2a9a352e,https://hu.linkedin.com/jobs/view/patikal%C3%A1togat%C3%B3-at-natur-tanya%C2%AE-4431914132,Patikalátogató,,scraped,2026-07-07T00:59:42.653744,
7aad16ac57abc524,https://hu.linkedin.com/jobs/view/front-business-support-manager-f-m-d-at-axpo-group-4436384265,Front Business Support Manager (f/m/d),,scraped,2026-07-07T00:59:50.872814,
cf155028c79dd1ff,https://hu.linkedin.com/jobs/view/tender-specialist-construction-commissioning-hvdc-f-m-d-at-hitachi-energy-4427910283,Tender Specialist - Construction & Commissioning HVDC (F/M/D),,scraped,2026-07-07T00:59:58.799219,
055c0bee0bf1ac58,https://hu.linkedin.com/jobs/view/begegnung-schafft-hoffnung-zentralasien-%E2%80%A2-gesundheitswesen-und-ern%C3%A4hrung-at-coworkers-4432712644,Begegnung schafft Hoffnung - Zentralasien • Gesundheitswesen und Ernährung,,scraped,2026-07-07T01:00:05.305624,
a091331e452073c5,https://hu.linkedin.com/jobs/view/anyagmozgat%C3%B3-3-at-the-lego-group-4432756880,Anyagmozgató 3,the LEGO Group,posted,2026-07-07T01:00:23.032411,74
91c37bd4e1317cf8,https://hu.linkedin.com/jobs/view/b%C3%A9rsz%C3%A1mfejt%C5%91-tb-%C3%BCgyint%C3%A9z%C5%91-at-ganz-transformers-and-electric-rotating-machines-plc-4434978284,Bérszámfejtő/TB-ügyintéző,,scraped,2026-07-07T01:00:25.661879,
b84ebf5e58e08892,https://hu.linkedin.com/jobs/view/key-account-sales-specialist-at-happy-solutions-4436738142,Key Account Sales Specialist,,scraped,2026-07-07T01:01:37.123845,
c283a977eedf074b,https://hu.linkedin.com/jobs/view/tesztj%C3%A1rm%C5%B1vezet%C5%91-at-t%C3%BCv-rheinland-group-4433308076,Tesztjárművezető,,scraped,2026-07-07T01:02:47.504143,
5b20e8ba5d265ce5,https://hu.linkedin.com/jobs/view/member-of-the-board-of-advisors-at-westfield-fc-4436058863,Member of the Board of Advisors,,scraped,2026-07-07T01:03:58.407392,
7caf3636435d9a29,https://hu.linkedin.com/jobs/view/vat-analyst-at-ge-vernova-4436364509,VAT analyst,GE Vernova,posted,2026-07-07T01:04:12.659042,76
b694b96938a81d1f,https://hu.linkedin.com/jobs/view/talent-acquisition-specialist-at-foodora-4435444271,Talent Acquisition Specialist,foodora,posted,2026-07-07T01:04:24.527459,78
e8d05dd6df776010,https://hu.linkedin.com/jobs/view/talent-pool-purchasing-at-wizz-air-4092319024,Talent Pool - Purchasing,,scraped,2026-07-07T01:04:27.172163,
cda3ffd63296abd2,https://hu.linkedin.com/jobs/view/talent-pool-operations-aviation-operations-at-wizz-air-4067427423,Talent Pool - Operations - Aviation Operations,,scraped,2026-07-07T01:04:33.702796,
2ba1e2a1ff433a64,https://hu.linkedin.com/jobs/view/talent-pool-it-at-wizz-air-4067422893,Talent Pool - IT,,scraped,2026-07-07T01:05:43.916556,
9b22292a5ad341df,https://hu.linkedin.com/jobs/view/talent-pool-finance-at-wizz-air-4067627110,Talent Pool - Finance,,scraped,2026-07-07T01:05:50.272369,
2aee6acc93d1f761,https://hu.linkedin.com/jobs/view/community-health-representative-ma-at-chumash-enterprises-4407949904,Community Health Representative MA,Chumash Enterprises,posted,2026-07-07T01:06:05.297879,80
11947af074a9d26b,https://hu.linkedin.com/jobs/view/pastry-cook-i-at-chumash-enterprises-4435706993,Pastry Cook I,Chumash Enterprises,posted,2026-07-07T01:06:14.173707,82
64ddbca4ac89d900,https://hu.linkedin.com/jobs/view/line-cook-at-chumash-enterprises-4435494222,Line Cook,,scraped,2026-07-07T01:06:16.752906,
39f47f05aeb80dcd,https://hu.linkedin.com/jobs/view/karbantart%C3%B3-at-bonafarm-csoport-4437129999,Karbantartó,,scraped,2026-07-07T01:06:34.062881,
d6575b8e2bb143ae,https://hu.linkedin.com/jobs/view/sert%C3%A9stelepi-dolgoz%C3%B3-at-bonafarm-csoport-4437143285,Sertéstelepi dolgozó,,scraped,2026-07-07T01:06:43.184162,
2f3a72b44516bd72,https://hu.linkedin.com/jobs/view/sps-lean-specialista-at-schaeffler-4436397378,SPS/LEAN Specialista,Schaeffler,posted,2026-07-07T01:08:06.778158,84
0510619fee1e1f74,https://hu.linkedin.com/jobs/view/medical-assistant-at-chumash-enterprises-4436053256,Medical Assistant,,scraped,2026-07-07T01:08:09.453495,
2049dcbe21d05123,https://hu.linkedin.com/jobs/view/advertisement-for-the-posts-of-1-post-doctoral-fellow-in-the-project-developing-solutions-to-reduce-human-heat-strain-and-extending-safe-exposure-in-extreme-heat-iit-hyderabad-at-department-of-chemistry-iit-hyderabad-4437145993,"Advertisement for the posts of 1 Post-Doctoral Fellow in the project Developing solutions to reduce human heat strain and extending safe exposure in extreme heat, IIT Hyderabad.",,scraped,2026-07-07T01:08:16.668489,
06861b3b0a70f191,https://hu.linkedin.com/jobs/view/munkaid%C5%91-nyilv%C3%A1ntart%C3%A1si-vezet%C5%91-at-bonafarm-csoport-4434619657,Munkaidő-nyilvántartási vezető,,scraped,2026-07-07T01:10:33.153572,
464a825adc7798b0,https://hu.linkedin.com/jobs/view/process-technician-night-shift-at-bmw-group-4416937688,Process Technician - Night shift,BMW Group,posted,2026-07-07T01:12:30.861800,86
762bdfdbc91c96da,https://hu.linkedin.com/jobs/view/product-audit-technician-at-bmw-group-4427605850,Product Audit Technician,BMW Group,posted,2026-07-07T01:14:21.917499,88
0e990af900c2aafb,https://hu.linkedin.com/jobs/view/delivery-assurance-specialist-at-bmw-group-4417305438,Delivery Assurance Specialist,BMW Group,posted,2026-07-07T01:16:13.746703,90
56ed6ff275ea195b,https://hu.linkedin.com/jobs/view/sert%C3%A9stelepi-dolgoz%C3%B3-at-bonafarm-csoport-4437151116,Sertéstelepi dolgozó,,scraped,2026-07-07T01:16:16.348669,
6a9a4e326c581c4f,https://hu.linkedin.com/jobs/view/operator-at-catl-debrecen-4296888717,Operator,,scraped,2026-07-07T01:17:29.038870,
a05bc19e88ce112f,https://hu.linkedin.com/jobs/view/field-it-support-at-teceze-4434644018,Field IT Support,,scraped,2026-07-07T01:17:36.775261,
a85813b56d9b6941,https://hu.linkedin.com/jobs/view/crm-loyalty-team-lead-at-mito-group-4437154762,CRM & Loyalty Team Lead,,scraped,2026-07-07T01:18:49.795484,
bed19a50b36c52b6,https://hu.linkedin.com/jobs/view/digital-marketing-intern-m-f-at-henkel-4436118416,Digital Marketing intern (m/f),,scraped,2026-07-07T01:18:57.106974,
8ab73d9caa70be85,https://hu.linkedin.com/jobs/view/spanish-speaking-accountant-at-euronet-payments-infrastructure-4433171763,Spanish Speaking Accountant,,scraped,2026-07-07T01:19:04.419784,
80afbdd95d254430,https://hu.linkedin.com/jobs/view/hungarian-english-interpreters-at-intelex-4436258630,Hungarian<> English Interpreters,,scraped,2026-07-07T01:19:36.670385,
d873ab9cf8c2243c,https://hu.linkedin.com/jobs/view/ai-trainer-freelance-data-annotator-at-toloka-annotators-4437193228,AI Trainer - Freelance Data Annotator,,scraped,2026-07-07T01:19:50.949480,
078cb846b7da13cf,https://hu.linkedin.com/jobs/view/bi-analyst-at-cushman-wakefield-4344971112,BI Analyst,,scraped,2026-07-07T01:20:22.635227,
fbb76a7b8f7031c6,https://hu.linkedin.com/jobs/view/adminisztr%C3%A1ci%C3%B3s-munkat%C3%A1rs-at-sundroid-4431583743,Adminisztrációs Munkatárs,,scraped,2026-07-07T01:20:30.007782,
e64db13436468cb4,https://hu.linkedin.com/jobs/view/manager-monitoring-site-management-at-alimentiv-4434309215,"Manager, Monitoring & Site Management",,scraped,2026-07-07T01:20:37.810911,
055854ad2bc1b020,https://hu.linkedin.com/jobs/view/junior-frontend-developer-ts-react-html-at-aldi-international-it-services-4431947347,"Junior Frontend Developer - TS, React, HTML",,scraped,2026-07-07T01:20:45.176779,
0441f8194104b2f3,https://hu.linkedin.com/jobs/view/senior-learning-development-partner-at-xapt-4433110485,Senior Learning & Development Partner,,scraped,2026-07-07T01:22:10.383243,
888e77d4e266d55a,https://hu.linkedin.com/jobs/view/administrative-business-support-specialist-at-skeqi-intelligent-equipment-4429266523,Administrative & Business Support Specialist,,scraped,2026-07-07T01:22:17.668990,
59f18e6ad1235cb0,https://hu.linkedin.com/jobs/view/instructional-designer-at-diligent-4416953028,Instructional Designer,,scraped,2026-07-07T01:23:30.446742,
bb74e1768bfbd45d,https://hu.linkedin.com/jobs/view/videoeditor-at-pm-international-4417108570,Videoeditor,,scraped,2026-07-07T01:23:37.521194,
dfdb968055c5d105,https://hu.linkedin.com/jobs/view/f%C3%A9nytechnikai-karbantart%C3%B3-at-budapest-airport-4435004436,Fénytechnikai karbantartó,,scraped,2026-07-07T01:23:44.990215,
4a49eaaa5d95fabe,https://hu.linkedin.com/jobs/view/manual-qa-engineer-app-integration-at-action1-4415086158,Manual QA Engineer (App Integration),,scraped,2026-07-07T01:23:53.205315,
40cd283a2c9be24c,https://hu.linkedin.com/jobs/view/english-speaking-game-presenter-wanted-in-sofia-full-relocation-at-savior-artigos-texteis-lda-4435024482,English-Speaking Game Presenter Wanted in Sofia | Full Relocation,,scraped,2026-07-07T01:24:35.472105,
60c70de57b729e73,https://hu.linkedin.com/jobs/view/t%C3%A1ptalajk%C3%A9sz%C3%ADt%C5%91-at-tapi-4435579942,Táptalajkészítő,,scraped,2026-07-07T01:24:44.446144,
2989ab8c48353c97,https://hu.linkedin.com/jobs/view/export-%C3%A9rt%C3%A9kes%C3%ADt%C5%91-at-garzon-group-4419674609,Export értékesítő,,scraped,2026-07-07T01:25:54.672098,
26a0aae7dd6c74c0,https://hu.linkedin.com/jobs/view/desktop-support-specialist-at-sharp-brains-4433950182,Desktop Support Specialist,,scraped,2026-07-07T01:27:07.677517,
5ec115ec62ebc887,https://hu.linkedin.com/jobs/view/product-owner-at-idomsoft-zrt-4431923471,Product Owner,,scraped,2026-07-07T01:27:19.804086,
1fa3947085d17eed,https://hu.linkedin.com/jobs/view/offre-d%E2%80%99emploi-%C3%A0-l%E2%80%99aubainerie-%E2%80%93-conseill%C3%A8re-%C3%A0-la-vente-at-galeries-joliette-4437112495,Offre d’emploi à l’Aubainerie – Conseillère à la vente,,scraped,2026-07-07T01:28:31.860205,
00dd4dbd1a365f24,https://hu.linkedin.com/jobs/view/fleet-manager-at-jania-fleet-mobility-4433907902,Fleet Manager,,scraped,2026-07-07T01:28:38.891599,
5db43a27a072ce44,https://hu.linkedin.com/jobs/view/junior-engineer-at-ennoconn-hungary-kft-4435138783,Junior Engineer,,scraped,2026-07-07T01:28:45.927446,
987c4373f16ade27,https://hu.linkedin.com/jobs/view/room-attendant-at-chumash-enterprises-4436038828,Room Attendant,,scraped,2026-07-07T01:28:53.567362,
4e2aa60b6ae918fa,https://hu.linkedin.com/jobs/view/adminisztr%C3%A1tor-%C3%BCgyint%C3%A9z%C5%91-at-k-h-csoport-4436771861,adminisztrátor / ügyintéző,K&H Csoport,posted,2026-07-07T01:29:24.487304,92
53e8b7f3ed0248da,https://hu.linkedin.com/jobs/view/expression-of-interest-%E2%80%93-multiple-language-speakers-at-bp-4410193828,Expression of interest – multiple language speakers,bp,posted,2026-07-07T01:29:34.985360,94
847cc04c211859bc,https://hu.linkedin.com/jobs/view/service-engineer-m-f-d-at-wherewework-jobs-4435086259,Service Engineer (m/f/d),wherewework Jobs,posted,2026-07-07T01:30:52.103867,96
9ebec4b4b20b39fb,https://hu.linkedin.com/jobs/view/%C3%A1llateg%C3%A9szs%C3%A9g%C3%BCgyi-asszisztens-at-bonafarm-csoport-4437143284,Állategészségügyi asszisztens,,scraped,2026-07-07T01:30:54.669637,
66b6a2415539c889,https://hu.linkedin.com/jobs/view/rakod%C3%B3g%C3%A9pkezel%C5%91-at-bonafarm-csoport-4437150197,Rakodógépkezelő,,scraped,2026-07-07T01:32:07.035597,
5a3d88a985e17f9e,https://hu.linkedin.com/jobs/view/applications-engineer-at-emerson-4435559047,Applications engineer,,scraped,2026-07-07T01:32:15.620682,
05e1e6a487013f8f,https://hu.linkedin.com/jobs/view/termel%C3%A9si-tr%C3%A9ner-at-ceva-sante-animale-4426315641,Termelési Tréner,,scraped,2026-07-07T01:32:30.011962,
6e8c261dd61f2e5a,https://hu.linkedin.com/jobs/view/tehen%C3%A9szeti-%C3%A1llatgondoz%C3%B3-at-bonafarm-csoport-4437145287,Tehenészeti állatgondozó,,scraped,2026-07-07T01:32:36.931436,
485bf6c155f424dd,https://hu.linkedin.com/jobs/view/gy%C3%A1rt%C3%A1stervez%C5%91-at-whc-ltd-4435234571,Gyártástervező,,scraped,2026-07-07T01:32:45.303767,
6b5599522cee6c41,https://hu.linkedin.com/jobs/view/tervez%C5%91-demand-planner-at-dreher-s%C3%B6rgy%C3%A1rak-4435547290,Tervező (Demand planner),,scraped,2026-07-07T01:32:53.804431,
e6fdc5a846bfce03,https://hu.linkedin.com/jobs/view/szerel%C5%91-oper%C3%A1tor-at-schaeffler-4417724609,Szerelő (operátor),Schaeffler,posted,2026-07-07T01:33:21.246405,98
a17603ae017a83c9,https://hu.linkedin.com/jobs/view/spare-part-product-manager-hpw-vac-at-nilfisk-4436223798,Spare Part Product Manager - HPW/VAC,,scraped,2026-07-07T01:33:23.905338,
4fa0217193655c11,https://hu.linkedin.com/jobs/view/manager-payroll-harmonization-europe-d-f-m-at-schaeffler-4427003386,Manager Payroll Harmonization Europe (d/f/m),Schaeffler,posted,2026-07-07T01:33:41.205064,100
131cec0ca0ef96e1,https://hu.linkedin.com/jobs/view/safety-pv-specialist-i-hybrid-sofia-or-hybrid-budapest-at-syneos-health-4435568714,Safety & PV Specialist I - Hybrid Sofia or Hybrid Budapest,,scraped,2026-07-07T01:33:43.905861,
b6c423fe883ce367,https://hu.linkedin.com/jobs/view/cee-ba-leadership-trainee-hu-at-astrazeneca-4416182040,CEE-BA Leadership Trainee HU,,scraped,2026-07-07T01:33:51.978058,
0ab420135f8473f1,https://hu.linkedin.com/jobs/view/media-communications-planner-at-publicis-groupe-hungary-4123650545,Media Communications Planner,,scraped,2026-07-07T01:33:58.851519,
18d48b97438a9036,https://hu.linkedin.com/jobs/view/category-manager-indirect-procurement-facility-management-at-lkq-europe-4435105100,Category Manager Indirect Procurement - Facility Management,,scraped,2026-07-07T01:34:06.251301,
0617552329045207,https://hu.linkedin.com/jobs/view/business-development-manager-at-vision-recruitment-4434953643,Business Development Manager,,scraped,2026-07-07T01:34:14.434478,
7d9b49f735a1dd88,https://hu.linkedin.com/jobs/view/project-manager-intern-it-security-multiple-fields-at-diligent-4436354177,Project Manager Intern (IT Security - multiple fields),,scraped,2026-07-07T01:34:23.060322,
385d23c116a75c33,https://hu.linkedin.com/jobs/view/quality-manager-at-vision-recruitment-4432384368,Quality Manager,,scraped,2026-07-07T01:34:54.528088,
0def952c60619bb7,https://hu.linkedin.com/jobs/view/finance-trade-operations-sr-manager-at-insud-pharma-4432792471,Finance & Trade Operations Sr Manager,,scraped,2026-07-07T01:35:02.586873,
d4bc95c1d25984df,https://hu.linkedin.com/jobs/view/assembly-senior-operator-at-gkn-automotive-4279594723,Assembly senior operator,,scraped,2026-07-07T01:35:09.469089,
046544d3039bd9bd,https://hu.linkedin.com/jobs/view/elektromos-karbantart%C3%B3-at-dunapack-packaging-prinzhorn-group-4294333288,Elektromos karbantartó,,scraped,2026-07-07T01:35:16.552543,
0dab97d955e326c6,https://hu.linkedin.com/jobs/view/wir-suchen-einen-werkstudent-m-w-d-f%C3%BCr-kommunikation-social-media-pr-at-desideria-care-e-v-4436980384,"Wir suchen einen Werkstudent (m/w/d) für Kommunikation, Social Media & PR",,scraped,2026-07-07T01:35:24.597063,
a2cb12e95fae0815,https://hu.linkedin.com/jobs/view/ux-designer-design-system-at-topdesk-4436309891,UX Designer - Design System,,scraped,2026-07-07T01:35:32.140607,
c469abc7e29c93b7,https://hu.linkedin.com/jobs/view/myexpenses-operations-coordinator-at-bp-4412030169,myExpenses Operations Coordinator,bp,posted,2026-07-07T01:35:48.174548,102
9f3dcfbcbe0d7404,https://hu.linkedin.com/jobs/view/okm%C3%A1nyos-tan%C3%A1csad%C3%B3-at-k-h-csoport-4436722593,okmányos tanácsadó,K&H Csoport,posted,2026-07-07T01:36:00.858646,104
9ed42a712411bf63,https://hu.linkedin.com/jobs/view/manufacturing-excellence-specialist-at-ball-corporation-4427081002,Manufacturing Excellence Specialist,Ball Corporation,posted,2026-07-07T01:36:10.213791,106
369fec3e2ebc29cb,https://hu.linkedin.com/jobs/view/vat-compliance-specialist-at-johnson-electric-4435197127,VAT Compliance Specialist,,scraped,2026-07-07T01:36:12.911063,
568f34781f346cf7,https://hu.linkedin.com/jobs/view/forklift-operator-at-arrow-electronics-4385127257,Forklift Operator,Arrow Electronics,posted,2026-07-07T01:37:03.376524,108
3f9cbe7e6dd74e23,https://hu.linkedin.com/jobs/view/operations-support-agent-at-fedex-4436332186,Operations Support Agent,FedEx,posted,2026-07-07T01:37:11.992215,110
2efee33ffe1efd50,https://hu.linkedin.com/jobs/view/senior-pricing-specialist-at-vois-4432392450,Senior Pricing Specialist,,scraped,2026-07-07T01:37:14.779100,
bf017e4e5c1982f1,https://hu.linkedin.com/jobs/view/m%C5%B1szaki-el%C5%91k%C3%A9sz%C3%ADt%C5%91-at-the-adecco-group-4434628668,Műszaki előkészítő,,scraped,2026-07-07T01:37:21.729077,
db9cbcff4c129d1a,https://hu.linkedin.com/jobs/view/g%C3%A9pes-ter%C3%BCleti-koordin%C3%A1tor-at-b-braun-group-4415352369,Gépes területi koordinátor,,scraped,2026-07-07T01:37:28.180436,
638fa4329558559a,https://hu.linkedin.com/jobs/view/%C3%BCzleti-koncepci%C3%B3-specialista-at-auchan-retail-magyarorsz%C3%A1g-4433702633,Üzleti koncepció specialista,,scraped,2026-07-07T01:37:35.213913,
6d3b8a793233eac8,https://hu.linkedin.com/jobs/view/nagykereskedelmi-%C3%A9rt%C3%A9kes%C3%ADt%C5%91-at-energo-investment-kft-4431910399,Nagykereskedelmi értékesítő,,scraped,2026-07-07T01:37:44.022349,
5331c965be242b67,https://hu.linkedin.com/jobs/view/senior-business-analyst-at-az9-group-4435806298,Senior Business Analyst,,scraped,2026-07-07T01:37:55.099163,
4c4e95263605982a,https://hu.linkedin.com/jobs/view/bankfi%C3%B3ki-tan%C3%A1csad%C3%B3-bart%C3%B3k-h%C3%A1z-at-wherewework-jobs-4436023984,Bankfióki tanácsadó - Bartók Ház,wherewework Jobs,posted,2026-07-07T01:38:14.126005,112
2394dcd949ad8fd8,https://hu.linkedin.com/jobs/view/junior-video-producer-at-world-aquatics-4394692043,Junior Video Producer,,scraped,2026-07-07T01:38:16.833909,
d1c782ae5e016217,https://hu.linkedin.com/jobs/view/talent-acquisition-specialist-at-dp-world-4435851095,Talent Acquisition Specialist,,scraped,2026-07-07T01:38:23.662681,
a441064b36698566,https://hu.linkedin.com/jobs/view/f-b-service-expert-bar-waiter-ess-at-marriott-international-4434689264,"F&B Service Expert (Bar Waiter,-ess)",Marriott International,posted,2026-07-07T01:38:39.940638,114
142b23d23c5a687e,https://hu.linkedin.com/jobs/view/country-manager-hungary-residential-energy-storage-systems-chinese-speaker-at-pt-talenta-eksekutif-asia-4435219403,Country Manager - Hungary (Residential Energy Storage Systems) - Chinese Speaker,PT Talenta Eksekutif Asia,posted,2026-07-07T01:38:56.493778,116
9c7077196e2484f7,https://hu.linkedin.com/jobs/view/english-game-presenter-no-experience-needed-relocation-support-to-sofia-start-your-igaming-career%21-at-mvprotalent-com-4432534701,"English Game Presenter - no experience needed, relocation support to Sofia. Start your iGaming career!",,scraped,2026-07-07T01:38:59.121350,
48f6b274e0d2f598,https://hu.linkedin.com/jobs/view/network-analyst-at-wizz-air-4413617445,Network Analyst,,scraped,2026-07-07T01:39:05.761215,
93ec0f449d135af3,https://hu.linkedin.com/jobs/view/accounts-receivable-specialist-at-kostal-global-business-services-center-4433959408,Accounts Receivable Specialist,,scraped,2026-07-07T01:39:12.331648,
977535e3b4f3d4eb,https://hu.linkedin.com/jobs/view/elad%C3%B3-40-%C3%B3ra-mammut-budapest-at-h-m-4416662154,Eladó 40 óra (Mammut Budapest),H&M,posted,2026-07-07T01:39:29.587002,118
c2aaefaaabcf3624,https://hu.linkedin.com/jobs/view/sz%C3%A1ll%C3%ADtm%C3%A1nyoz%C3%A1si-munkat%C3%A1rs-j%C3%B6ved%C3%A9ki-szakter%C3%BClet-at-borsodchem-zrt-4434961162,Szállítmányozási munkatárs - jövedéki szakterület,,scraped,2026-07-07T01:39:32.395109,
75c286ff5f4000ee,https://hu.linkedin.com/jobs/view/gazdas%C3%A1gi-asszisztens-4432389231,gazdasági asszisztens,Veszprémi Útépítő Kft,posted,2026-07-07T01:39:44.575474,120
4a738d6f9e7d954d,https://hu.linkedin.com/jobs/view/crm-specialist-at-bluebird-4432774033,CRM Specialist,,scraped,2026-07-07T01:39:47.339542,
718dc6e118a2237d,https://hu.linkedin.com/jobs/view/lease-administration-analyst-at-cushman-wakefield-4436724373,Lease Administration Analyst,,scraped,2026-07-07T01:39:54.555834,
2db02ec176afb8c4,https://hu.linkedin.com/jobs/view/safety-pv-coordinator-ii-hybrid-sofia-or-hybrid-budapest-at-syneos-health-4435574549,Safety & PV Coordinator II - Hybrid Sofia or Hybrid Budapest,,scraped,2026-07-07T01:40:01.911147,
3d506c66639b7e76,https://hu.linkedin.com/jobs/view/teherg%C3%A9pkocsi-vezet%C5%91-at-dunapack-packaging-prinzhorn-group-4427068570,Tehergépkocsi vezető,,scraped,2026-07-07T01:40:12.177723,
b67c6832857316e2,https://hu.linkedin.com/jobs/view/%C3%A1lland%C3%B3-%C3%A9jszak%C3%A1s-rakt%C3%A1ri-dolgoz%C3%B3-2026-07-01-at-jysk-4432367954,ÁLLANDÓ ÉJSZAKÁS RAKTÁRI DOLGOZÓ 2026.07.01.,,scraped,2026-07-07T01:40:19.748525,
5d14c9108796f60d,https://hu.linkedin.com/jobs/view/sorfelt%C3%B6lt%C5%91-anyagos-at-b-braun-group-4436375486,Sorfeltöltő anyagos,,scraped,2026-07-07T01:40:26.246670,
8ebe9a8272ebee94,https://hu.linkedin.com/jobs/view/contract-manager-m-f-d-szerz%C5%91d%C3%A9smenedzser-at-rheinmetall-4434944648,Contract manager (m/f/d) - szerződésmenedzser,,scraped,2026-07-07T01:40:33.067813,
81d11da566a3400b,https://hu.linkedin.com/jobs/view/energiat%C3%A1rol%C3%B3-szerviztechnikus-at-smart-grid-solutions-ltd-4433102465,Energiatároló szerviztechnikus,,scraped,2026-07-07T01:40:39.584646,
c46a145c28db3980,https://hu.linkedin.com/jobs/view/sales-assistant-budapest-at-coccinelle-4437421395,Sales Assistant - Budapest,,scraped,2026-07-07T01:41:14.724193,
4071228c8497ff70,https://hu.linkedin.com/jobs/view/head-of-sub-region-eastern-south-east-europe-for-grid-technologies-substations-at-siemens-energy-4406510206,Head of Sub-region Eastern & South East Europe for Grid Technologies Substations,,scraped,2026-07-07T01:41:21.496225,
0b136ae08c32d3fa,https://hu.linkedin.com/jobs/view/settlement-accountant-at-euronet-payments-infrastructure-4432700027,Settlement Accountant,,scraped,2026-07-07T01:41:45.309105,
ad5cfd546c308b94,https://hu.linkedin.com/jobs/view/k%C3%A9szletkezel%C5%91-at-bonafarm-csoport-4437141371,Készletkezelő,,scraped,2026-07-07T01:42:04.330574,
63e8a22d1e80fb5f,https://hu.linkedin.com/jobs/view/trade-operations-loan-analyst-at-hays-4434962880,Trade Operations Loan Analyst,,scraped,2026-07-07T01:42:13.261335,
945cce9948ebd5de,https://hu.linkedin.com/jobs/view/sales-director-at-vivo-magyarorsz%C3%A1g-4435233526,Sales Director,,scraped,2026-07-07T01:42:20.480807,
b2b64165af9ffea0,https://hu.linkedin.com/jobs/view/operations-manager-vienna-at-lime-4434376328,"Operations Manager, Vienna",Lime,posted,2026-07-07T01:43:02.707243,122
74e60952655eb7eb,https://hu.linkedin.com/jobs/view/business-development-partner-at-markad-branding-ethical-brand-building-validation-customer-based-strategy-4437142739,Business Development Partner,,scraped,2026-07-07T01:43:05.378451,
09b1cfdc99718baa,https://hu.linkedin.com/jobs/view/customer-support-specialist-at-q1-technologies-inc-4433943538,Customer Support Specialist,,scraped,2026-07-07T01:43:15.138833,
8f707162d74a913a,https://hu.linkedin.com/jobs/view/energetikai-referens-at-indotek-group-4433961459,Energetikai referens,,scraped,2026-07-07T01:43:33.776697,
c29f02cf18d7cbcd,https://hu.linkedin.com/jobs/view/office-assistant-at-adm-4409009877,Office Assistant,,scraped,2026-07-07T01:43:48.717984,
6e5c88bbb36a4eae,https://hu.linkedin.com/jobs/view/karbantart%C3%B3-mechanikus-elektromos-at-nestl%C3%A9-4417361039,"Karbantartó (mechanikus, elektromos)",Nestlé,posted,2026-07-07T01:44:20.305056,124
22c54240d8ec81bd,https://hu.linkedin.com/jobs/view/automation-technician-at-flex-4406229236,Automation Technician,,scraped,2026-07-07T01:44:22.899875,
9e423776aa5676cc,https://hu.linkedin.com/jobs/view/adjoint-e-responsable-technique-at-chaine-thermale-du-soleil-4434979365,Adjoint(e) Responsable technique,,scraped,2026-07-07T01:44:48.557108,
affea40c70745319,https://hu.linkedin.com/jobs/view/nc-programmer-at-airbus-helicopters-4413343570,NC Programmer,Airbus Helicopters,posted,2026-07-07T01:45:03.218489,126
c5e53e34df426bf5,https://hu.linkedin.com/jobs/view/clinical-supply-specialist-latam-europe-remote-at-worldwide-clinical-trials-4432376337,Clinical Supply Specialist - LATAM/Europe- Remote,,scraped,2026-07-07T01:45:05.877620,
5f4219c210ed476c,https://hu.linkedin.com/jobs/view/%C3%A9rt%C3%A9kes%C3%ADt%C3%A9si-specialista-at-leadec-4437167274,Értékesítési specialista,,scraped,2026-07-07T01:45:18.865964,
337dc3d3d684f906,https://hu.linkedin.com/jobs/view/emea-supplies-s-op-planner-at-xerox-4427495960,EMEA Supplies S&OP Planner,Xerox,posted,2026-07-07T01:45:32.389489,128
77ea19e52805ade5,https://hu.linkedin.com/jobs/view/vagyonkezel%C5%91-4433756346,Vagyonkezelő,ALFA Premium Vienna Insurance Group Zrt.,posted,2026-07-07T01:45:40.465793,130
4910c589c54c5b48,https://hu.linkedin.com/jobs/view/rakt%C3%A1ros-at-bonafarm-csoport-4437131825,Raktáros,,scraped,2026-07-07T01:45:43.140547,
fb30cd93067937c4,https://hu.linkedin.com/jobs/view/manual-tester-osr-ref5430k-at-deutsche-telekom-it-solutions-hu-4437154602,Manual Tester - OSR - REF5430K,,scraped,2026-07-07T01:45:51.486236,
c62d7275da068d21,https://hu.linkedin.com/jobs/view/technical-service-engineer-at-sinexcel-4398970821,Technical service engineer,,scraped,2026-07-07T01:45:58.925277,
2777f6eab7a2c6f1,https://hu.linkedin.com/jobs/view/slovak-qa-lead-remote-at-yo-it-consulting-4431556268,Slovak QA Lead - Remote,,scraped,2026-07-07T01:46:06.563661,
ae8333a2c024e604,https://hu.linkedin.com/jobs/view/sz%C3%A1mviteli-munkat%C3%A1rs-at-hungary-helps-agency-4433176226,Számviteli munkatárs,,scraped,2026-07-07T01:46:13.102982,
23439457fc425cbb,https://hu.linkedin.com/jobs/view/software-engineer-in-test-in-the-netherlands-at-topic-embedded-systems-4395053061,Software Engineer in Test (in the Netherlands),,scraped,2026-07-07T01:46:21.237405,
cd144f2bc3188164,https://hu.linkedin.com/jobs/view/sales-manager-hungary-residential-energy-storage-systems-chinese-speaker-at-pt-talenta-eksekutif-asia-4435228089,Sales Manager - Hungary (Residential Energy Storage Systems) - Chinese Speaker,PT Talenta Eksekutif Asia,posted,2026-07-07T01:46:35.709812,132
a3bd89016843ef89,https://hu.linkedin.com/jobs/view/safety-scientist-real-world-evidence-rwe-emea-at-thermo-fisher-scientific-4425361070,"Safety Scientist- Real World Evidence (RWE), EMEA",Thermo Fisher Scientific,posted,2026-07-07T01:46:45.843852,134
03d4e315ca0dc491,https://hu.linkedin.com/jobs/view/sales-team-leader-at-dhl-global-forwarding-4433857744,Sales Team Leader,DHL Global Forwarding,posted,2026-07-07T01:47:33.376722,136
5ffebd0abd68dba3,https://hu.linkedin.com/jobs/view/business-development-expert-at-met-group-4435037529,Business Development Expert,,scraped,2026-07-07T01:47:36.002403,
70fed4e663f9634d,https://hu.linkedin.com/jobs/view/senior-accountant-at-hays-4435510970,Senior Accountant,,scraped,2026-07-07T01:47:43.467016,
37364e7d162c521e,https://hu.linkedin.com/jobs/view/representative-enterprise-ops-administration-at-kyndryl-4435747263,"Representative, Enterprise Ops Administration",,scraped,2026-07-07T01:47:50.956865,
80458e3e75ea4f6e,https://hu.linkedin.com/jobs/view/head-of-product-at-cetin-hungary-4437419799,Head of Product,,scraped,2026-07-07T01:48:30.755988,
c57d92806236f03e,https://hu.linkedin.com/jobs/view/freelance-data-scraping-engineer-python-at-mindrift-4432350543,Freelance Data Scraping Engineer (Python),Mindrift,posted,2026-07-07T01:48:44.574361,138
2da4ecf7184a7ec0,https://hu.linkedin.com/jobs/view/min%C5%91s%C3%A9gellen%C5%91rz%C3%A9si-asszisztens-at-abacus-medicine-group-4435457748,Minőségellenőrzési asszisztens,,scraped,2026-07-07T01:48:47.226552,
1515a32c66138317,https://hu.linkedin.com/jobs/view/strategy-business-analyst-at-nexperia-4435053544,Strategy & Business Analyst,,scraped,2026-07-07T01:48:54.652235,
016753fe22dfaae0,https://hu.linkedin.com/jobs/view/python-mentoring-program-free-training-at-epam-systems-4432368144,Python Mentoring Program (free training),EPAM Systems,posted,2026-07-07T01:49:30.601050,140
ff5df7cfb500b40d,https://hu.linkedin.com/jobs/view/plc-programmer-m-f-d-at-rheinmetall-4435526088,PLC Programmer (m/f/d),,scraped,2026-07-07T01:49:33.354805,
e9b9905b933c50d1,https://hu.linkedin.com/jobs/view/penetration-tester-at-kyndryl-4435264604,Penetration Tester,,scraped,2026-07-07T01:49:40.098763,
949ed3782d92d833,https://hu.linkedin.com/jobs/view/business-market-analyst-intern-at-givaudan-4437415857,Business & Market Analyst Intern,,scraped,2026-07-07T01:49:47.054143,
03588d7834fbd0e3,https://hu.linkedin.com/jobs/view/documentation-admininstrator-at-johnson-controls-4432751147,Documentation Admininstrator,,scraped,2026-07-07T01:49:53.810695,
8120e846000b9a59,https://hu.linkedin.com/jobs/view/data-classification-standards-definitions-partner-organization-position-management-at-sanofi-4435556301,"Data Classification, Standards & Definitions Partner - Organization & Position Management",,scraped,2026-07-07T01:50:00.370109,
abe97b4a4d7448c2,https://hu.linkedin.com/jobs/view/pharmaceutical-representative-at-procter-gamble-4413369007,Pharmaceutical representative,Procter & Gamble,posted,2026-07-07T01:50:27.699574,142
ff2acc9a6653e224,https://hu.linkedin.com/jobs/view/senior-k%C3%B6nyvel%C5%91-p%C3%A9cs-at-ey-4385048343,Senior könyvelő - Pécs,EY,posted,2026-07-07T01:50:39.080729,144
f0fbb9df6851ab7c,https://hu.linkedin.com/jobs/view/senior-feasibility-associate-feasibility-manager-at-precision-for-medicine-4417515029,Senior Feasibility Associate / Feasibility Manager,,scraped,2026-07-07T01:50:41.698348,
41a72fc0aec3a3bd,https://hu.linkedin.com/jobs/view/junior-ppc-specialist-at-dept%C2%AE-4374752917,Junior PPC Specialist,,scraped,2026-07-07T01:51:04.617959,
c4c161c402bc2802,https://hu.linkedin.com/jobs/view/logistics-assistant-at-m%C3%A5lmarks-1919531007,Logistics Assistant,,scraped,2026-07-07T01:51:11.156282,
f90cbffa23079a5a,https://hu.linkedin.com/jobs/view/regional-quality-documentation-specialist-at-sanofi-4436944327,Regional Quality Documentation Specialist,,scraped,2026-07-07T01:51:19.164951,
2be6af66911dd239,https://hu.linkedin.com/jobs/view/source-to-pay-specialist-at-ibm-4433917946,Source to Pay Specialist,IBM,posted,2026-07-07T01:52:45.023832,146
07f4df7db2e48210,https://hu.linkedin.com/jobs/view/ppc-specialist-mindshare-at-wpp-media-4429864696,PPC Specialist - Mindshare,,scraped,2026-07-07T01:52:47.682877,
f0933e5898ae2b9f,https://hu.linkedin.com/jobs/view/rakt%C3%A1ros-elad%C3%B3-40-%C3%B3ra-v%C3%A1ci-1-budapest-at-h-m-4436934028,Raktáros Eladó 40 óra (Váci 1. Budapest),H&M,posted,2026-07-07T01:53:14.917939,148
c64e2ab406627971,https://hu.linkedin.com/jobs/view/d%C3%A9lut%C3%A1nos-mosogat%C3%B3-r%C3%A9szmunkaid%C5%91s-at-ibis-ibis-styles-ibis-budget-4435261217,Délutános mosogató (részmunkaidős),"ibis, ibis Styles, ibis budget",posted,2026-07-07T01:53:28.788608,150
6a9658b1638522d5,https://hu.linkedin.com/jobs/view/procurement-governance-and-controls-specialist-at-albemarle-corporation-4434691095,Procurement Governance and Controls Specialist,,scraped,2026-07-07T01:53:31.550549,
02939150e541d036,https://hu.linkedin.com/jobs/view/governance-control-associate-at-morgan-stanley-4375729466,Governance Control Associate,Morgan Stanley,posted,2026-07-07T01:54:15.338969,152
f1c1527edc7c85d9,https://hu.linkedin.com/jobs/view/partner-menedzser-at-union-prime-igazgat%C3%B3s%C3%A1g%E2%8E%9F%23unionprime-%E2%9D%A4%EF%B8%8F-4435811613,Partner menedzser,,scraped,2026-07-07T01:54:18.128740,
15a669b057fb1f2d,https://hu.linkedin.com/jobs/view/it-security-consultant-at-aldi-international-it-services-4435113161,IT Security Consultant,,scraped,2026-07-07T01:57:24.176495,
7fd01383542aecf8,https://hu.linkedin.com/jobs/view/business-continuity-disaster-recovery-specialist-cyber-hungary-at-deloitte-4385028742,Business Continuity & Disaster Recovery Specialist | Cyber | Hungary,Deloitte,posted,2026-07-07T01:57:52.064474,154
fdeffa4f75678ca6,https://hu.linkedin.com/jobs/view/t-e-and-p-card-subject-matter-expert-at-flowserve-corporation-4427602085,T&E and P-card Subject Matter Expert,,scraped,2026-07-07T01:57:54.770631,
db5c8a750988aad4,https://hu.linkedin.com/jobs/view/sectoral-manager-at-magyar-posta-4437157712,Sectoral Manager,,scraped,2026-07-07T01:58:11.760752,
d5156156291a5510,https://hu.linkedin.com/jobs/view/gy%C3%A1rt%C3%A1stervez%C5%91-at-norsk-hydro-4434657027,Gyártástervező,,scraped,2026-07-07T01:58:19.775571,
8948a4d01a7506d9,https://hu.linkedin.com/jobs/view/performance-media-specialist-at-publicis-groupe-hungary-4119369623,Performance Media Specialist,,scraped,2026-07-07T01:58:26.712076,
433597e7a58f6895,https://hu.linkedin.com/jobs/view/test-engineer-at-valeo-4362373300,Test Engineer,,scraped,2026-07-07T01:58:34.598720,
050243941e5baef3,https://hu.linkedin.com/jobs/view/k%C3%B6nyvel%C5%91-at-bkm-%E2%80%93-budapesti-k%C3%B6zm%C5%B1vek-nonprofit-zrt-4432766346,Könyvelő,,scraped,2026-07-07T01:58:41.984261,
47a01c6ded485db0,https://hu.linkedin.com/jobs/view/sales-coordinator-at-ef-4436259000,Sales Coordinator,,scraped,2026-07-07T01:58:51.064226,
86588507d31891b2,https://hu.linkedin.com/jobs/view/global-learning-development-l-d-program-manager-at-emerson-4427950024,Global Learning & Development (L&D) Program Manager,,scraped,2026-07-07T01:58:58.746167,
06c565347f72335f,https://hu.linkedin.com/jobs/view/production-controller-supervisor-at-aptiv-4436108028,Production controller supervisor,,scraped,2026-07-07T01:59:05.742299,
3f96732e8a8416e4,https://hu.linkedin.com/jobs/view/karbantart%C3%A1si-csoportvezet%C5%91-at-serioplast-4436182320,Karbantartási csoportvezető,,scraped,2026-07-07T01:59:13.403873,
7d4031acbf93fabf,https://hu.linkedin.com/jobs/view/clinical-research-associate-ii-at-precision-medicine-group-4435213429,Clinical Research Associate II,,scraped,2026-07-07T01:59:20.355331,
b706533687c337f6,https://hu.linkedin.com/jobs/view/business-analyst-m-f-d-data-analytics-ref5514w-at-deutsche-telekom-4436381058,Business Analyst (m/f/d) Data Analytics - REF5514W,,scraped,2026-07-07T01:59:28.091048,
565ebce7bbdac8dc,https://hu.linkedin.com/jobs/view/data-insights-pmdr-consultant-bpm-section-gssc-budapest-hungary-12-months-remote-work-from-home-at-unicef-4436908323,"Data Insights PMDR Consultant, BPM Section, GSSC Budapest, Hungary, 12 months (Remote/Work from home)",UNICEF,posted,2026-07-07T01:59:42.648294,156
cd0d17c030ffe93e,https://hu.linkedin.com/jobs/view/szakmai-titk%C3%A1r-at-budapest-university-of-technology-and-economics-4432764512,Szakmai titkár,Budapesti Műszaki és Gazdaságtudományi Egyetem,posted,2026-07-07T01:59:53.373630,158
573576ee395a2b96,https://hu.linkedin.com/jobs/view/logisztikai-gyakornok-at-wherewework-jobs-4435577166,Logisztikai gyakornok,wherewework Jobs,posted,2026-07-07T02:00:08.910030,160
8febb777ceb0a2d2,https://hu.linkedin.com/jobs/view/accounts-receivable-analyst-at-veeva-systems-4377690032,Accounts Receivable Analyst,,scraped,2026-07-07T02:00:11.585358,
5dbe785f133fad1c,https://hu.linkedin.com/jobs/view/crew-accommodations-agent-at-corpay-4436492593,Crew Accommodations Agent,,scraped,2026-07-07T02:00:25.437586,
677e13ba35e5eb65,https://hu.linkedin.com/jobs/view/business-analyst-m-f-d-data-analytics-ref5514w-at-deutsche-telekom-4436370415,Business Analyst (m/f/d) Data Analytics - REF5514W,,scraped,2026-07-07T02:00:38.470810,
f11ffa25ce8a093f,https://hu.linkedin.com/jobs/view/software-engineer-quantumblack-ai-by-mckinsey-at-quantumblack-ai-by-mckinsey-4369287535,"Software Engineer - QuantumBlack, AI by McKinsey","QuantumBlack, AI by McKinsey",posted,2026-07-07T02:00:54.046334,162
c4eb9baa9d08074a,https://hu.linkedin.com/jobs/view/area-commercial-manager-at-lc-waikiki-4431589211,Area Commercial Manager,LC Waikiki,posted,2026-07-07T02:01:07.374657,164
1d8cde127fe7be58,https://hu.linkedin.com/jobs/view/operations-support-system-engineer-at-hcltech-%E2%80%93-hungary-4435461068,Operations Support System Engineer,,scraped,2026-07-07T02:01:10.005967,
2ebb09db4362ac3d,https://hu.linkedin.com/jobs/view/business-analyst-data-design-at-morgan-stanley-4322848032,Business Analyst (Data Design),Morgan Stanley,posted,2026-07-07T02:01:53.996899,166
5493a7866c39c1e5,https://hu.linkedin.com/jobs/view/finance-assistants-finance-section-global-shared-services-centre-gssc-at-acca-careers-4436323395,"Finance Assistants, Finance Section, Global Shared Services Centre (GSSC)",,scraped,2026-07-07T02:01:56.654570,
f8c99da2699a4a39,https://hu.linkedin.com/jobs/view/c%C3%ADm%0A-%0A-%0A-%C3%BAt%C3%BCzemeltet%C5%91-szakmunk%C3%A1s-at-magyar-k%C3%B6z%C3%BAt-nonprofit-zrt-hungarian-public-roads-4431954884,"Cím
            
                
                    útüzemeltető szakmunkás",Magyar Közút Nonprofit Zrt. - Hungarian Public Roads,posted,2026-07-07T02:02:43.396321,168
3a31d30de903f5ac,https://hu.linkedin.com/jobs/view/karbantart%C3%B3-hatvan-at-horv%C3%A1th-rudolf-intertransport-kft-4437166038,Karbantartó [HATVAN],,scraped,2026-07-07T02:02:46.097463,
b3a42fbf2c607fac,https://hu.linkedin.com/jobs/view/manager-advisors-consulting-services-%E2%80%93-strategy-transformation-at-mastercard-4357890380,"Manager, Advisors & Consulting Services – Strategy & Transformation",,scraped,2026-07-07T02:02:53.270991,
a5eb42929b51aff3,https://hu.linkedin.com/jobs/view/senior-sales-representative-at-webfleet-4434994371,Senior Sales Representative,,scraped,2026-07-07T02:03:06.897146,
b566a55c742bfad9,https://hu.linkedin.com/jobs/view/onsite-service-engineer-at-hcltech-%E2%80%93-hungary-4423133502,Onsite Service Engineer,,scraped,2026-07-07T02:03:14.230476,
ea30a9461ce9ad27,https://hu.linkedin.com/jobs/view/fp-a-analyst-at-bio-rad-laboratories-4423681050,FP&A Analyst,Bio-Rad Laboratories,posted,2026-07-07T02:03:29.449463,170
b01649643e96e2d3,https://hu.linkedin.com/jobs/view/senior-strategy-manager-at-focus-consulting-ltd-4432789202,Senior Strategy Manager,,scraped,2026-07-07T02:03:32.232038,
21a4808764eb5d2b,https://hu.linkedin.com/jobs/view/industry-controller-at-carbyne-consulting-4436361349,Industry Controller,,scraped,2026-07-07T02:03:39.931136,
4c297c63e5cb0792,https://hu.linkedin.com/jobs/view/elad%C3%B3-b%C5%91r%C3%A1pol%C3%A1si-tan%C3%A1csad%C3%B3-at-l-or%C3%A9al-4423959065,Eladó / Bőrápolási Tanácsadó,,scraped,2026-07-07T02:03:48.804121,
7dd244d41d33ddfe,https://hu.linkedin.com/jobs/view/smt-g%C3%A9pbe%C3%A1ll%C3%ADt%C3%B3-technikus-at-valeo-4388201241,SMT Gépbeállító technikus,,scraped,2026-07-07T02:03:55.409137,
9ca3111c342f03f7,https://hu.linkedin.com/jobs/view/soc-team-leader-at-idbc-group-4433925520,SOC Team Leader,,scraped,2026-07-07T02:04:02.698146,
2002868ee53e25f1,https://hu.linkedin.com/jobs/view/%E2%80%AFz-os%E2%80%AFtechnician%E2%80%AF-at-hcltech-%E2%80%93-hungary-4303630469,z/OS Technician,,scraped,2026-07-07T02:04:09.448015,
ec3078e9812d59f6,https://hu.linkedin.com/jobs/view/rakt%C3%A1ri-min%C5%91s%C3%A9gbiztos%C3%ADt%C3%A1si-t%C3%A1mogat%C3%B3-asszisztens-at-coloplast-4435438538,Raktári Minőségbiztosítási Támogató Asszisztens,,scraped,2026-07-07T02:04:16.206549,
2a64f7e9deb9311b,https://hu.linkedin.com/jobs/view/junior-l%C3%A9tes%C3%ADtm%C3%A9ny%C3%BCzemeltet%C3%A9si-szak%C3%A9rt%C5%91-hard-fm-ter%C3%BCletre-at-corvinus-university-of-budapest-4434981096,Junior Létesítményüzemeltetési szakértő - Hard FM területre,Corvinus University of Budapest,posted,2026-07-07T02:04:31.271627,172
e91c39cb25684e50,https://hu.linkedin.com/jobs/view/aut%C3%B3szerel%C5%91-l%C3%A9b%C3%A9ny-at-scania-magyarorsz%C3%A1g-4436784604,Autószerelő - Lébény,,scraped,2026-07-07T02:04:33.815120,
31b960d514e44a59,https://hu.linkedin.com/jobs/view/cloud-crm-consultant-remote-at-veeva-systems-4377610253,Cloud CRM Consultant (Remote),Veeva Systems,posted,2026-07-07T02:04:47.827604,174
4c6c4034a89b8bf8,https://hu.linkedin.com/jobs/view/product-manager-%E2%80%93-oncology-breast-cancer-%E2%80%93-budapest-at-astrazeneca-4407931070,Product Manager – Oncology (Breast Cancer) – Budapest,,scraped,2026-07-07T02:04:50.434849,
627576d0f942db58,https://hu.linkedin.com/jobs/view/ehs-koordin%C3%A1tor-at-whc-ltd-4414701979,EHS koordinátor,,scraped,2026-07-07T02:04:57.010556,
62937bf6aa1d8804,https://hu.linkedin.com/jobs/view/customer-service-advisor-at-dhl-express-4437127162,Customer Service Advisor,DHL Express,posted,2026-07-07T02:05:14.552428,176
778efe446dac959c,https://hu.linkedin.com/jobs/view/application-engineer-at-4ig-nyrt-4432776995,Application Engineer,,scraped,2026-07-07T02:05:17.338339,
3fb7289a092d3241,https://hu.linkedin.com/jobs/view/jogtan%C3%A1csos-at-mvm-4429414752,Jogtanácsos,,scraped,2026-07-07T02:05:26.078198,
ee7c7d82d09388cf,https://hu.linkedin.com/jobs/view/fincrime-analyst-english-and-hungarian-at-revolut-4436080607,Fincrime Analyst - English and Hungarian,,scraped,2026-07-07T02:05:34.198124,
df01375a94c831a8,https://hu.linkedin.com/jobs/view/senior-k%C3%B6nyvel%C5%91-debreceni-lok%C3%A1ci%C3%B3-at-pwc-hungary-4397620078,Senior könyvelő (debreceni lokáció),PwC Hungary,posted,2026-07-07T02:05:48.753791,178
f559d221222ee712,https://hu.linkedin.com/jobs/view/clinical-research-associate-ii-at-precision-for-medicine-4435211596,Clinical Research Associate II,,scraped,2026-07-07T02:05:51.498600,
725a8f38feb15071,https://hu.linkedin.com/jobs/view/apprentice-v-at-te-connectivity-4437165512,APPRENTICE V,TE Connectivity,posted,2026-07-07T02:06:23.831220,180
a9c72eaf738f780d,https://hu.linkedin.com/jobs/view/production-area-leader-energy-module-at-bmw-group-4376822306,Production Area Leader - Energy Module,BMW Group,posted,2026-07-07T02:06:59.644623,182
b79622e7a03ef2f3,https://hu.linkedin.com/jobs/view/head-of-people-at-turbine-4434614239,Head of People,,scraped,2026-07-07T02:07:02.409133,
4b734561cf93f0a9,https://hu.linkedin.com/jobs/view/skicka-en-f%C3%B6rfr%C3%A5gan-at-fastighets%C3%A4garna-mittnord-ab-4436245163,Skicka en förfrågan,,scraped,2026-07-07T02:07:11.376241,
d8d0364bbf482f35,https://hu.linkedin.com/jobs/view/project-manager-at-bluebird-4432782722,Project Manager,,scraped,2026-07-07T02:07:18.126578,
eb2804a44fd99ab0,https://hu.linkedin.com/jobs/view/r-d-controlling-support-specialist-at-thyssenkrupp-4431945547,R&D Controlling Support Specialist,,scraped,2026-07-07T02:07:25.479526,
192dff086c4647e8,https://hu.linkedin.com/jobs/view/titk%C3%A1rs%C3%A1gvezet%C5%91-at-%C3%A9vosz-4431932048,Titkárságvezető,,scraped,2026-07-07T02:07:32.176677,
b0afd672e0fc6386,https://hu.linkedin.com/jobs/view/szakmai-gyakorlat-s%C3%A1rbog%C3%A1rd-at-k-h-csoport-4436392508,szakmai gyakorlat - Sárbogárd,K&H Csoport,posted,2026-07-07T02:07:51.876061,184
8c58c56cdbd816f3,https://hu.linkedin.com/jobs/view/data-analyst-hr-employee-experience-at-telekom-hu-4433922797,Data Analyst (HR & Employee Experience),,scraped,2026-07-07T02:07:54.696757,
0993322aa12dc6c8,https://hu.linkedin.com/jobs/view/sales-marketing-medical-intern-hu-20-hours-week-at-astrazeneca-4416176580,Sales/Marketing/Medical Intern HU (20 hours/week),,scraped,2026-07-07T02:08:01.394461,
d79c439f321df245,https://hu.linkedin.com/jobs/view/group-industrial-and-corporate-services-ventures-finance-manager-at-mol-group-4437403216,Group Industrial and Corporate Services & Ventures Finance Manager,,scraped,2026-07-07T02:08:07.925101,
beb9c78888b6faff,https://hu.linkedin.com/jobs/view/transportation-project-manager-at-mol-group-4436732855,TRANSPORTATION PROJECT MANAGER,,scraped,2026-07-07T02:08:15.900868,
e54b77948a855a7e,https://hu.linkedin.com/jobs/view/o2c-p2p-business-process-analyst-budapest-at-mrl-consulting-group-global-niche-technology-recruitment-4431306675,O2C/P2P Business Process Analyst - Budapest,,scraped,2026-07-07T02:08:23.726771,
05d214ab163f8529,https://hu.linkedin.com/jobs/view/accountant-at-assa-abloy-group-4435549627,Accountant,,scraped,2026-07-07T02:09:34.244409,
c7c9deead8d13cd4,https://hu.linkedin.com/jobs/view/english-speaking-catalogue-specialist-at-computacenter-4435540064,English Speaking Catalogue Specialist,,scraped,2026-07-07T02:09:40.882312,
4a06e31a60a038d7,https://hu.linkedin.com/jobs/view/gy%C3%A1rt%C3%A1sk%C3%B6zi-ellen%C5%91r-hat%C3%A1rozott-id%C5%91re-at-szentkir%C3%A1lyi-magyarorsz%C3%A1g-4433744165,GYÁRTÁSKÖZI ELLENŐR - HATÁROZOTT IDŐRE,,scraped,2026-07-07T02:09:47.847271,
eb6f317b694b75bd,https://hu.linkedin.com/jobs/view/automation-specialist-at-eastmen-experts-without-borders-4435805680,Automation Specialist,,scraped,2026-07-07T02:10:16.357444,
ba6d6b27f6c3ada2,https://hu.linkedin.com/jobs/view/systems-engineer-enterprise-education-sales-at-apple-4415749035,Systems Engineer - Enterprise & Education Sales,Apple,posted,2026-07-07T02:10:34.582649,186
f34ea3038f56e1fb,https://hu.linkedin.com/jobs/view/senior-training-and-capacity-development-expert-at-ntu-international-a-s-4434979605,Senior Training and Capacity Development Expert,,scraped,2026-07-07T02:10:37.278049,
f5cac6c99e09a214,https://hu.linkedin.com/jobs/view/front-office-munkat%C3%A1rs-budapest-at-ey-4425871743,Front Office Munkatárs - Budapest,EY,posted,2026-07-07T02:10:53.117828,188
986bfa51bac625d4,https://hu.linkedin.com/jobs/view/assistent-4432349302,Assistent,JuMaFi Kft - Neues Leben Immobilien,posted,2026-07-07T02:11:00.994289,190
5dd22be971da8ffc,https://hu.linkedin.com/jobs/view/sales-manager-at-humanfield-executive-and-specialist-search-4435437576,Sales Manager,,scraped,2026-07-07T02:11:03.652077,
039d0eecf6a78176,https://hu.linkedin.com/jobs/view/clerk-engineering-at-ppc-rdc-4437491931,Clerk Engineering,,scraped,2026-07-07T02:11:14.352363,
29902c699bcd3ffd,https://hu.linkedin.com/jobs/view/junior-h%C3%A1l%C3%B3zatfejleszt%C3%A9si-szak%C3%A9rt%C5%91-at-mvm-4428265367,Junior hálózatfejlesztési szakértő,,scraped,2026-07-07T02:11:23.051678,
7e42aaddbbc8f535,https://hu.linkedin.com/jobs/view/min%C5%91s%C3%A9gbiztos%C3%ADt%C3%A1si-technikus-at-norsk-hydro-4434635767,Minőségbiztosítási technikus,,scraped,2026-07-07T02:11:31.440755,
de8b1aeb179f5704,https://hu.linkedin.com/jobs/view/fuvarszervez%C5%91-at-whc-ltd-4415921852,Fuvarszervező,,scraped,2026-07-07T02:11:38.346623,
0bea888c613b262a,https://hu.linkedin.com/jobs/view/she-regional-manager-multiple-locations-at-henkel-4398927491,SHE Regional Manager (multiple locations),,scraped,2026-07-07T02:11:46.762350,
865d41c19e23dcbb,https://hu.linkedin.com/jobs/view/customer-service-representative-dutch-at-transcom-4433197203,Customer Service Representative - Dutch,,scraped,2026-07-07T02:12:57.385634,
45c5cdc29cc9c225,https://hu.linkedin.com/jobs/view/lubricator-at-ppc-rdc-4437708130,Lubricator,,scraped,2026-07-07T02:13:04.880763,
055ef628a558bb34,https://hu.linkedin.com/jobs/view/payroll-associate-german-at-deel-4432778948,Payroll Associate German,,scraped,2026-07-07T02:13:13.824715,
6ade1af427f9f1bb,https://hu.linkedin.com/jobs/view/media-sales-manager-at-adanima-consulting-4433190501,Media Sales Manager,Adanima Consulting,posted,2026-07-07T02:13:44.222400,192
4805cc63f61de40a,https://hu.linkedin.com/jobs/view/site-contracts-lead-europe-remote-at-worldwide-clinical-trials-4426143314,Site Contracts Lead - Europe - Remote,,scraped,2026-07-07T02:13:47.062860,
b77284bdd6831bc0,https://hu.linkedin.com/jobs/view/technol%C3%B3gus-m%C3%A9rn%C3%B6k-at-pemu-plastic-processing-co-ltd-4436044936,TECHNOLÓGUS MÉRNÖK,,scraped,2026-07-07T02:14:58.068199,
1c30e710fd8e2b6b,https://hu.linkedin.com/jobs/view/verification-validation-project-lead-at-bosch-magyarorsz%C3%A1g-4432900561,Verification & Validation Project Lead,,scraped,2026-07-07T02:15:10.263230,
0f35141bd5e32bd5,https://hu.linkedin.com/jobs/view/trade-marketing-trainee-danone-danette-danonino-oikos-milumil-milupa-at-danone-4426387190,"Trade Marketing Trainee (Danone, Danette, Danonino, Oikos, Milumil, Milupa)",,scraped,2026-07-07T02:15:17.800416,
935f58d7f2c252f7,https://hu.linkedin.com/jobs/view/banki-tan%C3%A1csad%C3%B3-kkv-balassagyarmat-at-k-h-csoport-4436725544,banki tanácsadó (kkv) - Balassagyarmat,K&H Csoport,posted,2026-07-07T02:15:35.951988,194
ac15058d344ff218,https://hu.linkedin.com/jobs/view/physical-operator-production-at-sanmina-4437154664,Physical Operator - Production,,scraped,2026-07-07T02:15:38.570221,
605b6c3bad65bac1,https://hu.linkedin.com/jobs/view/engineering-roles-abroad-%E2%80%93-eaton-is-hiring-multilingual-talent-at-eaton-4273557706,Engineering roles abroad – Eaton is hiring multilingual talent,Eaton,posted,2026-07-07T02:16:24.879856,196
239f4d746f7a2eec,https://hu.linkedin.com/jobs/view/inside-sales-representative-at-future-electronics-4382958053,Inside Sales Representative,,scraped,2026-07-07T02:16:27.579470,
a526ef8fd8d40822,https://hu.linkedin.com/jobs/view/director-of-sales-at-so-hotels-resorts-4436090412,Director of Sales,,scraped,2026-07-07T02:16:34.392751,
ddb0c39dabbdf538,https://hu.linkedin.com/jobs/view/seo-content-writer-remote-freelance-at-metaratings-4435814481,SEO Content Writer (Remote / Freelance),,scraped,2026-07-07T02:16:48.743630,
37b6347a810a25bb,https://hu.linkedin.com/jobs/view/ai-developer-at-lenovo-4415697297,AI Developer,,scraped,2026-07-07T02:16:56.267649,
9979b7a6e444a389,https://hu.linkedin.com/jobs/view/projektvezet%C5%91-at-starters-e-components-generators-automotive-hungary-kft-4432790231,Projektvezető,,scraped,2026-07-07T02:17:04.166676,
e069cd95fdf08f18,https://hu.linkedin.com/jobs/view/%C3%A9jszakai-sz%C3%A1llodai-recepci%C3%B3s-at-ibis-ibis-styles-ibis-budget-4435287720,Éjszakai szállodai recepciós,"ibis, ibis Styles, ibis budget",posted,2026-07-07T02:17:51.344219,198
8f4585bdb6262392,https://hu.linkedin.com/jobs/view/senior-land-management-rangeland-expert-at-ntu-international-a-s-4435820833,Senior Land Management / Rangeland Expert,,scraped,2026-07-07T02:17:53.959136,
79d1fd1873fc08ff,https://hu.linkedin.com/jobs/view/external-workforce-product-insights-analyst-at-roche-4437420228,External Workforce Product & Insights Analyst,,scraped,2026-07-07T02:18:01.210858,
1edf765aba302dc8,https://hu.linkedin.com/jobs/view/engineering-supervisor-at-eve-power-hungary-4426071995,Engineering Supervisor,,scraped,2026-07-07T02:18:08.621824,
a10386736a0cdd62,https://hu.linkedin.com/jobs/view/sap-hcm-implementation-specialist-payroll-hungary-at-strada-4432341912,SAP HCM Implementation Specialist - Payroll Hungary,,scraped,2026-07-07T02:18:16.321954,
c38d3a8fd608e145,https://hu.linkedin.com/jobs/view/senior-talent-acquisition-partner-%E2%80%93-global-supply-chain-central-europe-at-ge-vernova-4428815286,"Senior Talent Acquisition Partner – Global Supply Chain, Central Europe",,scraped,2026-07-07T02:18:35.887251,
9ba7055e85174441,https://hu.linkedin.com/jobs/view/process-technology-manager-at-givaudan-4416276474,Process Technology Manager,,scraped,2026-07-07T02:19:15.727461,
cc4c337551ce7c94,https://hu.linkedin.com/jobs/view/inside-sales-specialist-at-wolt-4416150057,Inside Sales Specialist,,scraped,2026-07-07T02:19:22.918712,
696fe3b7a5941716,https://hu.linkedin.com/jobs/view/learning-manager-at-idbc-group-4433700356,Learning Manager,,scraped,2026-07-07T02:19:30.238098,
c0ef9ff46493a980,https://hu.linkedin.com/jobs/view/skills-performance-senior-advisor-finance-and-procurement-parental-cover-szeged-based-at-bp-4412026384,"Skills Performance Senior Advisor - Finance and Procurement (Parental cover, Szeged based)",bp,posted,2026-07-07T02:19:46.021280,200
54704386799fc561,https://hu.linkedin.com/jobs/view/opex-team-leader-at-cetin-hungary-4431644531,OPEX Team Leader,,scraped,2026-07-07T02:19:48.698615,
1619e56ae0e65e0e,https://hu.linkedin.com/jobs/view/strategic-buyer-rv-oe-at-dometic-4416679856,Strategic Buyer (RV OE),,scraped,2026-07-07T02:19:56.942880,
1c681b8a48186dea,https://hu.linkedin.com/jobs/view/sous-chef-pastry-at-four-seasons-4435838367,Sous Chef Pastry,Four Seasons,posted,2026-07-07T02:21:18.704836,202
df63773a0235d831,https://hu.linkedin.com/jobs/view/virtual-account-executive-at-foodora-4432321900,Virtual Account Executive,foodora,posted,2026-07-07T02:21:30.922452,204
7367719e7ad5a1e1,https://hu.linkedin.com/jobs/view/financial-analyst-at-flowserve-corporation-4436772675,Financial Analyst,,scraped,2026-07-07T02:21:33.531945,
127f521da27ac0f0,https://hu.linkedin.com/jobs/view/product-manager-at-stada-hungary-4415673841,Product Manager,,scraped,2026-07-07T02:22:16.260621,
c2f99d13a63d54be,https://hu.linkedin.com/jobs/view/sachbearbeiter-in-beschaffung-und-informationsmanagement-at-o%C3%B6-gesundheitsholding-gmbh-4436715178,Sachbearbeiter/in Beschaffung und Informationsmanagement,,scraped,2026-07-07T02:22:25.530131,
eb3f382a5dde512f,https://hu.linkedin.com/jobs/view/servicenow-developer-at-pont-systems-4434985380,ServiceNow Developer,,scraped,2026-07-07T02:22:32.939342,
5633d794552b5999,https://hu.linkedin.com/jobs/view/sales-operations-and-logistics-lead-hungary-at-zeekr%E6%9E%81%E6%B0%AA-4435053817,Sales Operations and Logistics Lead Hungary,,scraped,2026-07-07T02:22:41.200042,
f7878928731e793b,https://hu.linkedin.com/jobs/view/sap-abap-developer-at-cognizant-4436220222,SAP ABAP Developer,,scraped,2026-07-07T02:22:50.664373,
4547d639f4e52aac,https://hu.linkedin.com/jobs/view/field-service-expert-turbine-control-projects-abroad-at-siemens-energy-4417132751,Field Service Expert - Turbine Control (Projects abroad),,scraped,2026-07-07T02:23:41.258068,
04ac4de63c99e9ba,https://hu.linkedin.com/jobs/view/re-dtc-manager-purchaser-excellence-at-aumovio-4433851943,(Re)DTC Manager - Purchaser Excellence,,scraped,2026-07-07T02:23:53.755774,
12df283d57ea6083,https://hu.linkedin.com/jobs/view/engineering-manager-infrastructure-at-camunda-4431968290,Engineering Manager - Infrastructure,,scraped,2026-07-07T02:25:04.074940,
f885271536770c47,https://hu.linkedin.com/jobs/view/client-advisor-lululemon-at-arion-retail-group-4432761300,Client Advisor lululemon,Arion Retail Group,posted,2026-07-07T02:25:20.005476,206
f8728c0c67d779fa,https://hu.linkedin.com/jobs/view/consultant-veeva-safety-managed-services-remote-at-veeva-systems-4435460432,Consultant - Veeva Safety - Managed Services (Remote),,scraped,2026-07-07T02:25:22.729363,
efed9b954e876564,https://hu.linkedin.com/jobs/view/informatiksicherheitsverantwortliche-r-80%25-100%25-at-schutz-intervention-winterthur-4431911410,"Informatiksicherheitsverantwortliche:r, 80% - 100%",Schutz & Intervention Winterthur,posted,2026-07-07T02:26:03.879981,208
c0081d1c4682145c,https://hu.linkedin.com/jobs/view/maintenance-engineering-manager-at-eve-power-hungary-4426087082,Maintenance Engineering Manager,,scraped,2026-07-07T02:26:06.537271,
0555c143c306a6dc,https://hu.linkedin.com/jobs/view/vat-compliance-trainee-at-kpmg-global-services-hungary-4436302020,VAT Compliance Trainee,,scraped,2026-07-07T02:26:14.127660,
928679c4469185c0,https://hu.linkedin.com/jobs/view/data-scientist-quality-engineering-ai-ml-implementation-data-scientist-%E2%80%93-ing%C3%A9nierie-qualit%C3%A9-mise-en-%C5%93uvre-de-l%E2%80%99ia-ml-f-h-at-ge-vernova-4428654211,Data Scientist - Quality Engineering & AI/ML Implementation - Data Scientist – Ingénierie Qualité & Mise en œuvre de l’IA/ML (F/H),GE Vernova,posted,2026-07-07T02:26:30.985684,210
2c97fffd488e0e49,https://hu.linkedin.com/jobs/view/uki-fixed-asset-controller-at-iron-mountain-4433190003,UKI Fixed Asset Controller,Iron Mountain,posted,2026-07-07T02:26:38.714768,212
cecc3196e836ff60,https://hu.linkedin.com/jobs/view/payment-domain-lead-at-bluebird-4433117929,Payment Domain Lead,,scraped,2026-07-07T02:26:41.325222,
a5cb80fd815bf5d0,https://hu.linkedin.com/jobs/view/process-engineer-intern-at-te-connectivity-4435153743,Process Engineer Intern,TE Connectivity,posted,2026-07-07T02:26:58.265208,214
3d9430bfc19d06a5,https://hu.linkedin.com/jobs/view/indirect-procurement-buyer-at-xerox-4426078986,Indirect Procurement Buyer,Xerox,posted,2026-07-07T02:27:11.128422,216
29671bf5dea9c671,https://hu.linkedin.com/jobs/view/real-estate-facilities-management-director-at-team-blue-4428149800,Real Estate & Facilities Management Director,,scraped,2026-07-07T02:27:13.813374,
9ce0d062cf1c10f3,https://hu.linkedin.com/jobs/view/ai-solutions-analyst-panorama-at-mckinsey-company-4434662194,AI Solutions Analyst - Panorama,McKinsey & Company,posted,2026-07-07T02:27:35.482510,218
59bcfcb18908c781,https://hu.linkedin.com/jobs/view/financial-reporting-manager-at-bt-group-4426857908,Financial Reporting Manager,,scraped,2026-07-07T02:27:38.323582,
aa38d088b2bd7257,https://hu.linkedin.com/jobs/view/barista-at-chumash-enterprises-4436073095,Barista,,scraped,2026-07-07T02:27:45.355764,
c02f42839d723d5d,https://hu.linkedin.com/jobs/view/tool-maintenance-at-abb-4433894218,Tool maintenance,,scraped,2026-07-07T02:27:59.843884,
08262135afe84770,https://hu.linkedin.com/jobs/view/business-process-analyst-at-manpower-hungary-4433186391,Business Process Analyst,,scraped,2026-07-07T02:28:06.882121,
4e0edb155d02ef43,https://hu.linkedin.com/jobs/view/senior-robotics-software-engineer-at-hcltech-%E2%80%93-hungary-4430525103,Senior Robotics Software Engineer,,scraped,2026-07-07T02:28:14.858880,
1c87c0393e2d392b,https://hu.linkedin.com/jobs/view/travel-and-expense-trainee-at-chart-industries-inc-4433731685,Travel and Expense Trainee,,scraped,2026-07-07T02:28:21.764307,
b05fe1c24d0940b4,https://hu.linkedin.com/jobs/view/service-engineer-gas-turbine-comissioning-engineer-projects-abroad-at-siemens-energy-4416521397,Service Engineer - Gas Turbine Comissioning Engineer (Projects abroad),,scraped,2026-07-07T02:29:01.268737,
0a2836fe9bafd3b7,https://hu.linkedin.com/jobs/view/gsm-payroll-at-hsp-group-4405279094,GSM - Payroll,,scraped,2026-07-07T02:29:08.904979,
6913bd3dfdb240fc,https://hu.linkedin.com/jobs/view/senior-python-data-scraping-engineer-freelance-at-mindrift-4436305701,Senior Python Data Scraping Engineer (Freelance),Mindrift,posted,2026-07-07T02:29:26.548813,220
5311530aba222377,https://hu.linkedin.com/jobs/view/software-engineer-full-stack-%E2%80%94-agentic-ai-at-genesys-4415961573,"Software Engineer, Full Stack — Agentic AI",Genesys,posted,2026-07-07T02:29:33.982214,222
46aca7f5f5b9506f,https://hu.linkedin.com/jobs/view/ai-infrastructure-co-founder-head-of-engineering-100-%25-remote-m-f-d-at-ewor-4435474722,AI Infrastructure Co-Founder / Head of Engineering (100 % remote) (m/f/d),,scraped,2026-07-07T02:29:36.642951,
c9057d86befbb35f,https://hu.linkedin.com/jobs/view/informatikai-rendszerm%C3%A9rn%C3%B6k-l3-at-spesys-plc-4431592397,Informatikai rendszermérnök (L3),,scraped,2026-07-07T02:29:43.262022,
817a298d17ec3e46,https://hu.linkedin.com/jobs/view/c-developer-at-e-solutions-4436706147,C Developer,,scraped,2026-07-07T02:29:49.871927,
281f650d675826b5,https://hu.linkedin.com/jobs/view/welding-production-manager-at-global-workforce-solutions-zrt-4437156093,Welding Production Manager,,scraped,2026-07-07T02:29:56.985385,
c4c473ca14aeb213,https://hu.linkedin.com/jobs/view/senior-project-portfolio-expert-at-wherewework-jobs-4436042226,Senior Project Portfolio Expert,wherewework Jobs,posted,2026-07-07T02:30:19.043701,224
964523429ecaf311,https://hu.linkedin.com/jobs/view/category-manager-taste-ca-east-hungary-at-electrolux-group-4437409432,Category Manager Taste CA East Hungary,Electrolux Group,posted,2026-07-07T02:31:05.439098,226
acfc60d3c685f928,https://hu.linkedin.com/jobs/view/strategy-and-market-analyst-for-controls-digitalization-at-siemens-energy-4416510645,Strategy and Market Analyst for Controls & Digitalization,,scraped,2026-07-07T02:31:08.166277,
58386a3f7445bdd5,https://hu.linkedin.com/jobs/view/environmental-technician-i-at-chumash-enterprises-4436014126,Environmental Technician I,,scraped,2026-07-07T02:31:26.780493,
f45f1fca6766f216,https://hu.linkedin.com/jobs/view/ter%C3%BCleti-%C3%A9rt%C3%A9kes%C3%ADt%C5%91-at-nct-zrt-4431973253,Területi értékesítő,,scraped,2026-07-07T02:31:34.230923,
4d90eda53141ae79,https://hu.linkedin.com/jobs/view/student-at-prysmian-4427949812,Student,,scraped,2026-07-07T02:31:42.607095,
644c1a3f5608acce,https://hu.linkedin.com/jobs/view/senior-next-js-developer-at-jobgether-4435030945,Senior Next.js Developer,,scraped,2026-07-07T02:32:52.789604,
ee7c6988f64f5c9b,https://hu.linkedin.com/jobs/view/warranty-agent-polish-or-turkish-speaker-at-msx-international-4328760363,Warranty Agent- Polish or Turkish speaker,,scraped,2026-07-07T02:32:59.522836,
02df1a437768ba45,https://hu.linkedin.com/jobs/view/italian-speaking-junior-financial-analyst-at-tata-consultancy-services-4426045892,Italian Speaking Junior Financial Analyst,Tata Consultancy Services,posted,2026-07-07T02:33:28.154746,228
1f630ddb6e98404d,https://hu.linkedin.com/jobs/view/account-manager-mercedes-benz-at-kostal-group-4416683659,Account Manager (Mercedes-Benz),,scraped,2026-07-07T02:33:30.840528,
2d3d8a20ed00c50a,https://hu.linkedin.com/jobs/view/global-mobility-coordinator-at-ge-healthcare-4435363508,Global Mobility Coordinator,,scraped,2026-07-07T02:33:38.096088,
f9c984b6b413e181,https://hu.linkedin.com/jobs/view/sales-operations-and-logistics-lead-hungary-at-zeekr-europe-4436377099,Sales Operations and Logistics Lead Hungary,,scraped,2026-07-07T02:33:45.203906,
fe3fb532ca3328e7,https://hu.linkedin.com/jobs/view/projekt-t%C3%A1mogat%C3%B3-szak%C3%A9rt%C5%91-at-e-on-hung%C3%A1ria-csoport-4433943363,Projekt támogató szakértő,,scraped,2026-07-07T02:33:53.456202,
a6636206595a38ab,https://hu.linkedin.com/jobs/view/air-solutions-sales-engineering-trainee-at-lg-electronics-cee-4432765242,Air Solutions Sales Engineering Trainee,LG Electronics CEE,posted,2026-07-07T02:34:11.967299,230
200eea515f75682f,https://hu.linkedin.com/jobs/view/abap-developer-at-nagarro-4367521487,ABAP Developer,,scraped,2026-07-07T02:34:14.642139,
0b602a12227eaa24,https://hu.linkedin.com/jobs/view/quantitative-modeler-associate-at-blackrock-4428388314,"Quantitative Modeler, Associate",,scraped,2026-07-07T02:35:25.559361,
aa97ab8493a353a6,https://hu.linkedin.com/jobs/view/clinical-research-associate-cra-2-sr-cra-1-sponsor-dedicated-hungary-at-iqvia-4407034110,Clinical Research Associate (CRA 2/Sr CRA 1) - Sponsor dedicated - Hungary,,scraped,2026-07-07T02:35:52.554546,
521b1d08b14ea882,https://hu.linkedin.com/jobs/view/senior-delivery-manager-at-bp-4435396536,Senior Delivery Manager,bp,posted,2026-07-07T02:36:09.748850,232
df0f6a195364a144,https://hu.linkedin.com/jobs/view/customer-operations-specialist-%E2%80%93-french-speaker-at-thermo-fisher-scientific-4435542640,Customer Operations Specialist – French Speaker,,scraped,2026-07-07T02:36:12.641356,
ede80a3c12c544e4,https://hu.linkedin.com/jobs/view/gyakornok-hr-ter%C3%BCletre-sc-div%C3%ADzi%C3%B3-at-wherewework-jobs-4436032541,Gyakornok HR területre_SC divízió,wherewework Jobs,posted,2026-07-07T02:36:29.817239,234
d12cab4c451a77c8,https://hu.linkedin.com/jobs/view/quick-commerce-marketplace-experience-lead-at-foodora-4407379241,Quick Commerce Marketplace Experience Lead,foodora,posted,2026-07-07T02:36:41.822675,236
d3052c8c476491a4,https://hu.linkedin.com/jobs/view/t%C3%A1vk%C3%B6zl%C3%A9si-technikus-at-2connect-hungary-4434626879,Távközlési technikus,,scraped,2026-07-07T02:36:44.466266,
7b4642d6bd12a133,https://hu.linkedin.com/jobs/view/new-product-introduction-buyer-at-te-connectivity-4435159699,New product introduction buyer,TE Connectivity,posted,2026-07-07T02:37:38.333960,238
c35b6173dd4a25d1,https://hu.linkedin.com/jobs/view/maintenance-specialist-at-coca-cola-hbc-4436492965,Maintenance Specialist,,scraped,2026-07-07T02:37:40.979202,
a92c2ca33097439b,https://hu.linkedin.com/jobs/view/product-manager-at-cetin-hungary-4437407964,Product Manager,,scraped,2026-07-07T02:37:47.826155,
45a037a57edb72c3,https://hu.linkedin.com/jobs/view/quality-engineer-budapest-szigetszentmikl%C3%B3s-at-bodycote-4398117200,Quality Engineer - Budapest (Szigetszentmiklós),,scraped,2026-07-07T02:37:55.675687,
